name,id,common_name,file,Link to MEL TA Folder
Afghanistan_FY23 MEL TA review files,1hoCyy8ZAOKpl6aCh6ciczLp9oJTjG757,Afghanistan,data/Afghanistan - OU Activity Indicator Results Report - Export All.xlsx,https://drive.google.com/drive/folders/1hoCyy8ZAOKpl6aCh6ciczLp9oJTjG757
Azerbaijan_FY23 MEL TA review files,1O9zsrPks3i5LO8q_lvNnRJKXxU6zsnJs,Azerbaijan,data/Azerbaijan - OU Activity Indicator Results Report - Export All.xlsx,https://drive.google.com/drive/folders/1O9zsrPks3i5LO8q_lvNnRJKXxU6zsnJs
Bangladesh_FY23 MEL TA review files,11iORnwzhC0OsizfPyA7lZGilnm5Z1f5L,Bangladesh,data/Bangladesh - OU Activity Indicator Results Report - Export All.xlsx,https://drive.google.com/drive/folders/11iORnwzhC0OsizfPyA7lZGilnm5Z1f5L
Bureau for Africa_FY23 MEL TA review files,1mRs4a6PwXB1tTHbuzsCEhLrc64euPh77,Bureau for Africa,,https://drive.google.com/drive/folders/1mRs4a6PwXB1tTHbuzsCEhLrc64euPh77
Bureau for Asia_FY23 MEL TA review files,1ISWh2E67kjLGNUSNTsNap4Vsf8Qi3iI6,Bureau for Asia,,https://drive.google.com/drive/folders/1ISWh2E67kjLGNUSNTsNap4Vsf8Qi3iI6
Bureau for Latin American and the Caribbean (LAC)_FY23 MEL TA review files,1wpGBjMigTS8QkPAoLQhmTEHZYyEqLQKQ,Bureau for Latin American and the Caribbean (LAC),,https://drive.google.com/drive/folders/1wpGBjMigTS8QkPAoLQhmTEHZYyEqLQKQ
Bureau for Middle East_FY23 MEL TA review files,1Qzfm-NzwevZ-Azqu4_hvEaMJpTtZmfTm,Bureau for Middle East,,https://drive.google.com/drive/folders/1Qzfm-NzwevZ-Azqu4_hvEaMJpTtZmfTm
Bureau for Resilience and Food Security_FY23 MEL TA review files,1Wa1izJftowCkW50V8vmoxurYG_CSbETL,Bureau for Resilience and Food Security,data/Bureau for Resilience and Food Security - OU Activity Indicator Results Report - Export All.xlsx,https://drive.google.com/drive/folders/1Wa1izJftowCkW50V8vmoxurYG_CSbETL
Burkina Faso_FY23 MEL TA review files,1bCIdcapijaS104bYH2y48LVKWRWGRc2c,Burkina Faso,data/Burkina Faso - OU Activity Indicator Results Report - Export All.xlsx,https://drive.google.com/drive/folders/1bCIdcapijaS104bYH2y48LVKWRWGRc2c
Burma_FY23 MEL TA review files,1P-Oilr230qfQcaUJgKhz4US9v2JIsSNP,Burma,data/Burma - OU Activity Indicator Results Report - Export All.xlsx,https://drive.google.com/drive/folders/1P-Oilr230qfQcaUJgKhz4US9v2JIsSNP
Cambodia_FY23 MEL TA review files,1zChFcrwndyQG0pyt3luTWOJE-ei1x0eC,Cambodia,data/Cambodia - OU Activity Indicator Results Report - Export All.xlsx,https://drive.google.com/drive/folders/1zChFcrwndyQG0pyt3luTWOJE-ei1x0eC
Colombia_FY23 MEL TA review files,1h-dgjsggpKzRJA_bH8ARhsumR-CYl2_U,Colombia,data/Colombia - OU Activity Indicator Results Report - Export All.xlsx,https://drive.google.com/drive/folders/1h-dgjsggpKzRJA_bH8ARhsumR-CYl2_U
DRC_FY23 MEL TA review files,1sdDxemhh5CAv4gUOtWQndZmTuHmhcKmk,DRC,data/Dem Rep Congo - OU Activity Indicator Results Report - Export All.xlsx,https://drive.google.com/drive/folders/1sdDxemhh5CAv4gUOtWQndZmTuHmhcKmk
Egypt_FY23 MEL TA review files,1EgllmzD3_af97ZGO9tLIWweLS5lhEdCj,Egypt,data/Egypt - OU Activity Indicator Results Report - Export All.xlsx,https://drive.google.com/drive/folders/1EgllmzD3_af97ZGO9tLIWweLS5lhEdCj
Ethiopia_FY23 MEL TA review files,1_4PYhNX7QFNKRpyp5VAhexfOPXpC32QW,Ethiopia,data/Ethiopia - OU Activity Indicator Results Report - Export All.xlsx,https://drive.google.com/drive/folders/1_4PYhNX7QFNKRpyp5VAhexfOPXpC32QW
Georgia_FY23 MEL TA review files,10LjS3Wmy-rQ6l2B2DPfBYJoNfLUvaECn,Georgia,data/Georgia - OU Activity Indicator Results Report - Export All.xlsx,https://drive.google.com/drive/folders/10LjS3Wmy-rQ6l2B2DPfBYJoNfLUvaECn
Ghana_FY23 MEL TA review files,1qK0jm4xZHIo1gwGzcr46m1Tj_vDH7hsn,Ghana,data/Ghana - OU Activity Indicator Results Report - Export All.xlsx,https://drive.google.com/drive/folders/1qK0jm4xZHIo1gwGzcr46m1Tj_vDH7hsn
Guatemala_FY23 MEL TA review files,1nKinlpR8BD4YVdQi-4sXgqmb98ESRVtD,Guatemala,data/Guatemala - OU Activity Indicator Results Report - Export All.xlsx,https://drive.google.com/drive/folders/1nKinlpR8BD4YVdQi-4sXgqmb98ESRVtD
Guinea_FY23 MEL TA review files,1xnugDLoTn7_XUucVz6ijxJXPXwsRKgxa,Guinea,,https://drive.google.com/drive/folders/1xnugDLoTn7_XUucVz6ijxJXPXwsRKgxa
Haiti_FY23 MEL TA review files,1WWwTpbowXc-Zb145NBtYFvE5H1x8_VK3,Haiti,data/Haiti - OU Activity Indicator Results Report - Export All.xlsx,https://drive.google.com/drive/folders/1WWwTpbowXc-Zb145NBtYFvE5H1x8_VK3
Honduras_FY23 MEL TA review files,17nz04ecopFOT1w8BF5Ecuto4I34kfx4A,Honduras,data/Honduras - OU Activity Indicator Results Report - Export All.xlsx,https://drive.google.com/drive/folders/17nz04ecopFOT1w8BF5Ecuto4I34kfx4A
India_FY23 MEL TA review files,1oVJ878ZxxRWccVrTUyBaw5tuWRjtLK8u,India,,https://drive.google.com/drive/folders/1oVJ878ZxxRWccVrTUyBaw5tuWRjtLK8u
Indonesia_FY23 MEL TA review files,1XCliT_nbTU_b6ty9EYmu4wHo5KJWLaa7,Indonesia,data/Indonesia - OU Activity Indicator Results Report - Export All.xlsx,https://drive.google.com/drive/folders/1XCliT_nbTU_b6ty9EYmu4wHo5KJWLaa7
Jordan_FY23 MEL TA review files,1VK4LCMjIyKNi9tJMHh8NI5eWHdIBaira,Jordan,,https://drive.google.com/drive/folders/1VK4LCMjIyKNi9tJMHh8NI5eWHdIBaira
Kenya_FY23 MEL TA review files,1yRSRspN3Ps1burVqgvcXEx3sdX39rsBT,Kenya,data/Kenya - OU Activity Indicator Results Report - Export All.xlsx,https://drive.google.com/drive/folders/1yRSRspN3Ps1burVqgvcXEx3sdX39rsBT
Kyrgyz_FY23 MEL TA review files,11fa3c6D_bJBOLCgiGwWUj4EWU7LC5uUC,Kyrgyz,,https://drive.google.com/drive/folders/11fa3c6D_bJBOLCgiGwWUj4EWU7LC5uUC
Laos_FY23 MEL TA review files,1TSf1m0XMYfhDrR_4MlHfQI9WQDQcHjpD,Laos,data/Laos - OU Activity Indicator Results Report - Export All.xlsx,https://drive.google.com/drive/folders/1TSf1m0XMYfhDrR_4MlHfQI9WQDQcHjpD
Liberia_FY23 MEL TA review files,11FSeAY-Lq5vKDnNkxdWqRX9VlSUgrJEM,Liberia,data/Liberia - OU Activity Indicator Results Report - Export All.xlsx,https://drive.google.com/drive/folders/11FSeAY-Lq5vKDnNkxdWqRX9VlSUgrJEM
Madagascar_FY23 MEL TA review files,1sM1Au8AhedUdhzVXkXZFyxBnwqj4TNYH,Madagascar,data/Madagascar - OU Activity Indicator Results Report - Export All.xlsx,https://drive.google.com/drive/folders/1sM1Au8AhedUdhzVXkXZFyxBnwqj4TNYH
Malawi_FY23 MEL TA review files,1w5IF6MsBUOqkgGUN4HTfbRCZYJzia_gC,Malawi,data/Malawi - OU Activity Indicator Results Report - Export All.xlsx,https://drive.google.com/drive/folders/1w5IF6MsBUOqkgGUN4HTfbRCZYJzia_gC
Mali_FY23 MEL TA review files,1b55wmo2h1uGv5MAdxjbQ1lrB4GOFYucJ,Mali,data/Mali - OU Activity Indicator Results Report - Export All.xlsx,https://drive.google.com/drive/folders/1b55wmo2h1uGv5MAdxjbQ1lrB4GOFYucJ
Moldova_FY23 MEL TA review files,1OKmv2W8S8mqUbHJcNdcR0NT2Ro-kIWGM,Moldova,,https://drive.google.com/drive/folders/1OKmv2W8S8mqUbHJcNdcR0NT2Ro-kIWGM
Mozambique_FY23 MEL TA review files,1aIjC_yp6n-N0sG3jWGaBbtbDZ6q7UoxO,Mozambique,data/Mozambique - OU Activity Indicator Results Report - Export All.xlsx,https://drive.google.com/drive/folders/1aIjC_yp6n-N0sG3jWGaBbtbDZ6q7UoxO
Nepal_FY23 MEL TA review files,1jJpxUortyPNN9AU4wQQv8IjSg6uNvl1R,Nepal,data/Nepal - OU Activity Indicator Results Report - Export All.xlsx,https://drive.google.com/drive/folders/1jJpxUortyPNN9AU4wQQv8IjSg6uNvl1R
Niger_FY23 MEL TA review files,1Iv6AUGavu-dMCnOzcMaftXVuM7PWZuLL,Niger,data/Niger - OU Activity Indicator Results Report - Export All.xlsx,https://drive.google.com/drive/folders/1Iv6AUGavu-dMCnOzcMaftXVuM7PWZuLL
Nigeria_FY23 MEL TA review files,1Bowdz4IhD48mo84gRz2e5_uPOFovrLDb,Nigeria,data/Nigeria - OU Activity Indicator Results Report - Export All.xlsx,https://drive.google.com/drive/folders/1Bowdz4IhD48mo84gRz2e5_uPOFovrLDb
Pakistan_FY23 MEL TA review files,1dGXv_M50qneYHe5D4-pk0cQ3toprbAdC,Pakistan,data/Pakistan - OU Activity Indicator Results Report - Export All.xlsx,https://drive.google.com/drive/folders/1dGXv_M50qneYHe5D4-pk0cQ3toprbAdC
Peru_FY23 MEL TA review files,10Dyew_2CaatIiD5pesLpMNaarWmgjF9t,Peru,,https://drive.google.com/drive/folders/10Dyew_2CaatIiD5pesLpMNaarWmgjF9t
Regional Development Mission/Asia (RDM/A)_FY23 MEL TA review files,1KpcUhOmNMS0C9xJk93qRf426SvX3fa9y,Regional Development Mission/Asia (RDM/A),,https://drive.google.com/drive/folders/1KpcUhOmNMS0C9xJk93qRf426SvX3fa9y
Regional Office for Central American_FY23 MEL TA review files,1oNnCu-hO44mSfsV9-bUN9ob67obA2LW1,Regional Office for Central American,,https://drive.google.com/drive/folders/1oNnCu-hO44mSfsV9-bUN9ob67obA2LW1
Regional Office of East Africa_FY23 MEL TA review files,1ZE2gZ34bYO9UvJy-aYP6ovtAHzEZdL6o,Regional Office of East Africa,,https://drive.google.com/drive/folders/1ZE2gZ34bYO9UvJy-aYP6ovtAHzEZdL6o
Regional Office of South Africa and Southern Africa_FY23 MEL TA review files,1VRT22LS1v4prFdEILWBci2hrAVP1HcAP,Regional Office of South Africa and Southern Africa,data/Regional Center for Southern Africa - OU Activity Indicator Results Report - Export All.xlsx,https://drive.google.com/drive/folders/1VRT22LS1v4prFdEILWBci2hrAVP1HcAP
Rwanda_FY23 MEL TA review files,14g7Hd15ahLjbRcv13a38NEiEFbJQSODb,Rwanda,data/Rwanda - OU Activity Indicator Results Report - Export All.xlsx,https://drive.google.com/drive/folders/14g7Hd15ahLjbRcv13a38NEiEFbJQSODb
Sahel Regional Program_FY23 MEL TA review files,1uMrIQNzNZdZ2WMYidAyi-G6lyQQ7MKmC,Sahel Regional Program,data/Sahel Regional Program - OU Activity Indicator Results Report - Export All.xlsx,https://drive.google.com/drive/folders/1uMrIQNzNZdZ2WMYidAyi-G6lyQQ7MKmC
Senegal_FY23 MEL TA review files,1PKuapEO4iMKcaB1viyFJ99W1JWTyJ5_j,Senegal,data/Senegal - OU Activity Indicator Results Report - Export All.xlsx,https://drive.google.com/drive/folders/1PKuapEO4iMKcaB1viyFJ99W1JWTyJ5_j
Sierra Leone_FY23 MEL TA review files,18TAJZJ8vONclScj6DNVGyMmIOB84ec6Q,Sierra Leone,,https://drive.google.com/drive/folders/18TAJZJ8vONclScj6DNVGyMmIOB84ec6Q
Somalia_FY23 MEL TA review files,1nSFj53hYiONV62moHPtlTjFXlRwkR_5d,Somalia,data/Somalia - OU Activity Indicator Results Report - Export All.xlsx,https://drive.google.com/drive/folders/1nSFj53hYiONV62moHPtlTjFXlRwkR_5d
South Sudan_FY23 MEL TA review files,1ifR3mvbwwMUEAFPlyWDo3iFawo2tk25z,South Sudan,data/South Sudan - OU Activity Indicator Results Report - Export All.xlsx,https://drive.google.com/drive/folders/1ifR3mvbwwMUEAFPlyWDo3iFawo2tk25z
Sudan_FY23 MEL TA review files,1CIDtqRP7TofqlhwGTpKOC6x_AgrUI3bw,Sudan,data/Sudan - OU Activity Indicator Results Report - Export All.xlsx,https://drive.google.com/drive/folders/1CIDtqRP7TofqlhwGTpKOC6x_AgrUI3bw
Tajikistan_FY23 MEL TA review files,1S-t_lUmWT96W-1TtiUn524BQk96aXfYB,Tajikistan,data/Tajikistan - OU Activity Indicator Results Report - Export All.xlsx,https://drive.google.com/drive/folders/1S-t_lUmWT96W-1TtiUn524BQk96aXfYB
Tanzania_FY23 MEL TA review files,15ZBg7_5DDsLPMnE4cDSvChAlpled7Da8,Tanzania,data/Tanzania - OU Activity Indicator Results Report - Export All.xlsx,https://drive.google.com/drive/folders/15ZBg7_5DDsLPMnE4cDSvChAlpled7Da8
Timor-Leste_FY23 MEL TA review files,1-z3wKrQoI7mnuS0k5J6P43bC-yrjaU8s,Timor-Leste,data/Timor-Leste - OU Activity Indicator Results Report - Export All.xlsx,https://drive.google.com/drive/folders/1-z3wKrQoI7mnuS0k5J6P43bC-yrjaU8s
Uganda_FY23 MEL TA review files,1qTWKANXhxeLCFsPZ2zraL_lQLNwdTa4W,Uganda,data/Uganda - OU Activity Indicator Results Report - Export All.xlsx,https://drive.google.com/drive/folders/1qTWKANXhxeLCFsPZ2zraL_lQLNwdTa4W
Ukraine_FY23 MEL TA review files,1PDXAQPitcm_q-9H_u83Uq7AoGHiZ8Vb-,Ukraine,data/Ukraine - OU Activity Indicator Results Report - Export All.xlsx,https://drive.google.com/drive/folders/1PDXAQPitcm_q-9H_u83Uq7AoGHiZ8Vb-
Uzbekistan_FY23 MEL TA review files,1XVK-5tLK6UzI6aGkddFsmezg8f3anAkV,Uzbekistan,data/Uzbekistan - OU Activity Indicator Results Report - Export All.xlsx,https://drive.google.com/drive/folders/1XVK-5tLK6UzI6aGkddFsmezg8f3anAkV
Venezuela_FY23 MEL TA review files,1IPwVRwtl5hwU3TlWdoNP-gPyOzjGEBVd,Venezuela,,https://drive.google.com/drive/folders/1IPwVRwtl5hwU3TlWdoNP-gPyOzjGEBVd
West Africa Regional_FY23 MEL TA review files,1BSKa7fvXZJqtxLC1Ol4G2W-doWJS9FXi,West Africa Regional,data/West Africa Regional - OU Activity Indicator Results Report - Export All.xlsx,https://drive.google.com/drive/folders/1BSKa7fvXZJqtxLC1Ol4G2W-doWJS9FXi
Yemen_FY23 MEL TA review files,1YGL-kgAt4TdpeaYpYaiidl3Fu3uNR8p_,Yemen,,https://drive.google.com/drive/folders/1YGL-kgAt4TdpeaYpYaiidl3Fu3uNR8p_
Zambia_FY23 MEL TA review files,1gvL0bUDayH-ZfLlJoEe9fqkKCmLo2HGM,Zambia,data/Zambia - OU Activity Indicator Results Report - Export All.xlsx,https://drive.google.com/drive/folders/1gvL0bUDayH-ZfLlJoEe9fqkKCmLo2HGM
Zimbabwe_FY23 MEL TA review files,1KtuBbkdRyvUarw1ofPH6OzQtAX0O3T_P,Zimbabwe,data/Zimbabwe - OU Activity Indicator Results Report - Export All.xlsx,https://drive.google.com/drive/folders/1KtuBbkdRyvUarw1ofPH6OzQtAX0O3T_P
